block,plot,bg,Stipa  type,Stipa diam (cm),Stipa tillers,seeds/tiller,num ss with tillers,num tillers on ss,% weed gram ,% weed forb,notes
1,1,S_P low,phyto,9,33,35,,,10,10,
,,,big,25,90,30,,,,,
,,,med,7,25,14,,,,,
,,,med,8,24,27,,,,,
,,,med,15,48,24,,,,,
,,,med,,,,,,,,
,,,med,,,,,,,,
1,2,control,phyto,7,5,13,,,2,10,
1,3,A low,phyto,15,19,14,,,2,15,
1,4,S_s low,phyto,10,25,10,,,30,10,
1,5,control,phyto,6,18,16,,,10,10,
1,6,S_P high,phyto,10,44,19,,,5,5,
,,,big,13,50,,,,,,
,,,big,15,72,,,,,,
,,,med,11,22,,,,,,
,,,med,21,116,,,,,,
,,,med,6,5,,,,,,
,,,med,8,19,,,,,,
,,,med,12,23,,,,,,
,,,med,13,35,,,,,,
,,,med,12,31,,,,,,
,,,med,8,16,,,,,,
,,,med,8,25,,,,,,
,,,med,,,,,,,,
1,7,S_s high,phyto,6,5,15,,,70,5,
1,8,A high,phyto,10,9,11,,,40,20,
1,9,S_P high,big,12,44,13,,,15,10,
* no phytometer,,,big,14,37,,,,,,
,,,med,5,5,,,,,,
,,,med,8,23,,,,,,
,,,med,7,5,,,,,,
,,,med,4,2,,,,,,
,,,med,8,8,,,,,,
,,,med,13,2,,,,,,
,,,med,12,18,,,,,,
,,,med,8,7,,,,,,
,,,med,13,5,,,,,,
,,,med,,,,,,,,
1,10,S_P high,big,20,76,22,,,5,15,
* no phytometer,,,big,18,94,,,,,,
,,,med,6,5,,,,,,
,,,med,7,1,,,,,,
,,,med,7,8,,,,,,
,,,med,7,18,,,,,,
,,,med,4,1,,,,,,
,,,med,5,4,,,,,,
,,,med,9,33,,,,,,
,,,med,10,11,,,,,,
,,,med,10,55,,,,,,
,,,med,5,3,,,,,,
1,11,control,* no phytometer,,,,,,,,
1,12,S_s low,* no phytometer,,,,,,,,
2,1,A low,phyto,2,1,13,,,0,10,
2,2,S_s high,phyto,13,12,15,,,5,5,
2,3,control,phyto,,,,,,,,Dead
2,4,control,phyto,10,5,11,,2,2,5,
2,5,S_P high,phyto,,,,,,,,Dead
,,,big,,,,,,0,5,Dead
,,,big,15,44,28,,,,,
,,,med,8,9,,,,,,
,,,med,1,0,,,,,,
,,,med,9,11,,,,,,
,,,med,5,1,,,,,,
,,,med,2,0,,,,,,
,,,med,7,6,,,,,,
,,,med,,,,,,,,Dead
,,,med,,,,,,,,Dead
,,,med,,,,,,,,Dead
,,,med,,,,,,,,Dead
2,6,A high,phyto,11,6,12,,,0,5,
2,7,S_P low,phyto,11,22,,,,10,10,
,,,big,14,13,,,,,,
,,,med,12,18,,,,,,
,,,med,8,7,,,,,,
,,,med,3,3,,,,,,
,,,med,10,2,,,,,,
,,,med,6,4,,,,,,
2,8,S_s low,phyto,9,11,10,2,,5,5,
2,9,S_P high,big,10,22,27,,,0,5,
* no phytometer,,,big,,,,,,,,Dead
,,,med,8,4,,,,,,
,,,med,12,19,,,,,,
,,,med,8,10,,,,,,
,,,med,8,12,,,,,,
,,,med,8,10,,,,,,
,,,med,10,17,,,,,,
,,,med,6,6,,,,,,
,,,med,7,5,,,,,,
,,,med,9,9,,,,,,
,,,med,7,10,,,,,,
2,10,S_P high,big,14,48,29,,,0,5,
* no phytometer,,,big,10,25,,,,,,
,,,med,5,4,,,,,,
,,,med,5,2,,,,,,
,,,med,6,6,,,,,,
,,,med,5,2,,,,,,
,,,med,8,9,,,,,,
,,,med,7,7,,,,,,
,,,med,7,14,,,,,,
,,,med,,,,,,,,"Dead, Missing 3 medium"
,,,med,,,,,,,,Dead
,,,med,,,,,,,,Dead
2,11,S_s low,* no phytometer,,,,,,,,
2,12,control,* no phytometer,,,,,,,,
3,1,control,phyto,10,6,15,,,15,5,
3,2,A high,phyto,4,4,16,,,10,10,
3,3,A low,phyto,4,15,16,,,30,5,
3,4,S_s high,phyto,9,9,20,,,35,5,
3,5,S_P high,phyto,8,9,41,,,40,10,
,,,big,8,28,,,,,,
,,,big,11,36,,,,,,
,,,med,4,3,,,,,,
,,,med,8,10,,,,,,
,,,med,7,7,,,,,,
,,,med,7,6,,,,,,
,,,med,7,2,,,,,,
,,,med,7,11,,,,,,
,,,med,7,6,,,,,,
,,,med,5,3,,,,,,
,,,med,,,,,,,,Dead
,,,med,,,,,,,,Dead
3,6,S_s low,phyto,,,,3,6,50,5,Dead
3,7,S_P low,phyto,12,16,20,,,25,25,
,,,big,,,,,,,,Dead
,,,med,7,6,,,,,,
,,,med,,,,,,,,Dead
,,,med,,,,,,,,Dead
,,,med,,,,,,,,Dead
,,,med,,,,,,,,Dead
3,8,control,phyto,14,25,24,,,50,5,
3,9,S_P high,big,,,,,,,,"Gopher damage to background SP, Dead"
* no phytometer,,,big,,,,,,,,Dead
,,,med,13,5,21,,,25,10,
,,,med,3,1,,,,,,
,,,med,7,19,,,,,,
,,,med,,,,,,,,Dead
,,,med,,,,,,,,Dead
,,,med,,,,,,,,Dead
,,,med,,,,,,,,Dead
,,,med,,,,,,,,Dead
,,,med,,,,,,,,Dead
,,,med,,,,,,,,Dead
3,10,S_P high,big,20,50,18,,,25,10,
* no phytometer,,,big,9,27,,,,,,
,,,med,10,15,,,,,,
,,,med,15,54,,,,,,
,,,med,5,5,,,,,,
,,,med,9,18,,,,,,
,,,med,6,11,,,,,,
,,,med,5,5,,,,,,
,,,med,8,22,,,,,,
,,,med,6,14,,,,,,
,,,med,7,12,,,,,,
,,,med,,,,,,,,Dead
3,11,S_s low,* no phytometer,,,,,,,,
3,12,control,* no phytometer,,,,,,,,
4,1,A high,phyto,10,6,23,,,5,10,
4,2,S_s low,phyto,11,3,7,,,50,30,
4,3,S_s high,phyto,3,3,32,,,50,15,5 seeding littles 
4,4,A low,phyto,7,0,0,,,50,50,chewed off tillers
4,5,S_P low,phyto,10,6,11,,,5,20,
,,,big,15,27,,,,,,
,,,med,11,9,,,,,,
,,,med,6,6,,,,,,
,,,med,7,3,,,,,,
,,,med,9,9,,,,,,
,,,med,6,4,,,,,,
4,6,S_P high,phyto,8,5,10,,,5,10,
,,,big,11,23,,,,,,
,,,big,12,11,,,,,,
,,,med,7,7,,,,,,
,,,med,7,10,,,,,,
,,,med,7,6,,,,,,
,,,med,6,7,,,,,,
,,,med,5,3,,,,,,
,,,med,10,2,,,,,,
,,,med,3,0,,,,,,
,,,med,8,4,,,,,,
,,,med,7,13,,,,,,
,,,med,9,12,,,,,,
4,7,control,phyto,10,20,12,,,15,30,
4,8,control,phyto,6,4,13,,,,,
4,9,S_P high,big,12,23,32,,,,,
* no phytometer,,,big,11,22,,,,,,
,,,med,6,2,,,,,,
,,,med,6,4,,,,,,
,,,med,7,13,,,,,,
,,,med,3,1,,,,,,
,,,med,10,17,,,,,,
,,,med,8,6,,,,,,
,,,med,9,32,,,,,,
,,,med,4,1,,,,,,
,,,med,5,1,,,,,,
,,,med,6,10,,,,,,
4,10,S_P high,big,13,34,21,,,,,
* no phytometer,,,big,12,34,,,,,,
,,,med,6,6,,,,,,
,,,med,5,11,,,,,,
,,,med,6,13,,,,,,
,,,med,5,4,,,,,,
,,,med,9,10,,,,,,
,,,med,4,6,,,,,,
,,,med,10,26,,,,,,
,,,med,7,11,,,,,,
,,,med,6,7,,,,,,
,,,med,9,16,,,,,,
4,11,control,* no phytometer,,,,,,,,
4,12,S_s low,* no phytometer,,,,,,,,
5,1,S_s high,phyto,8,7,17,3,6,15,15,
5,2,A low,phyto,10,12,32,,,25,25,
5,3,S_P high,phyto,7,4,16,,,15,10,
,,,big,8,15,,,,,,
,,,big,9,23,,,,,,
,,,med,11,5,,,,,,
,,,med,6,0,,,,,,
,,,med,7,11,,,,,,
,,,med,5,3,,,,,,
,,,med,9,8,,,,,,
,,,med,7,6,,,,,,
,,,med,10,12,,,,,,
,,,med,7,9,,,,,,
,,,med,5,1,,,,,,
,,,med,5,7,,,,,,
5,4,S_P low,phyto,8,0,,,,5,10,
,,,big,14,8,22,,,,,
,,,med,8,2,,,,,,
,,,med,7,3,,,,,,
,,,med,8,3,,,,,,
,,,med,6,1,,,,,,
,,,med,,,,,,,,Dead
5,5,S_s low,phyto,10,5,19,3,6,25,15,
5,6,control,phyto,11,7,27,,,15,10,
5,7,A high,phyto,6,2,6,,,2,15,
5,8,control,phyto,5,1,7,,,5,25,
5,9,S_P high,big,17,41,28,,,1,15,
* no phytometer,,,big,13,10,,,,,,
,,,med,10,9,,,,,,
,,,med,10,12,,,,,,
,,,med,8,6,,,,,,
,,,med,8,12,,,,,,
,,,med,6,3,,,,,,
,,,med,11,14,,,,,,
,,,med,8,17,,,,,,
,,,med,12,20,,,,,,
,,,med,8,12,,,,,,
,,,med,7,10,,,,,,
5,10,S_P high,big,19,6,20,,,0,20,
* no phytometer,,,big,21,17,,,,,,
,,,med,11,3,,,,,,
,,,med,13,11,,,,,,
,,,med,4,0,,,,,,
,,,med,12,11,,,,,,
,,,med,11,3,,,,,,
,,,med,10,10,,,,,,
,,,med,15,6,,,,,,
,,,med,12,1,,,,,,
,,,med,11,10,,,,,,
,,,med,14,12,,,,,,
5,11,S_s low,* no phytometer,,,,,,,,
5,12,control,* no phytometer,,,,,,,,
6,1,A low,phyto,11,7,21,,,10,10,
6,2,A high,phyto,10,10,22,,,5,40,
6,3,S_s low,phyto,7,12,15,8,20,20,20,
6,4,control,phyto,7,8,23,,,10,10,
6,5,S_s high,phyto,8,20,19,6,28,20,10,
6,6,S_P low,phyto,11,31,27,,,5,10,
,,,big,20,89,,,,,,
,,,med,9,16,,,,,,
,,,med,8,17,,,,,,
,,,med,8,12,,,,,,
,,,med,9,14,,,,,,
,,,med,,,,,,,,Dead
6,7,control,phyto,12,29,22,,,30,20,
6,8,S_P high,phyto,10,12,21,,,5,10,
,,,big,11,27,,,,,,
,,,big,13,16,,,,,,
,,,med,7,2,,,,,,
,,,med,8,11,,,,,,
,,,med,8,14,,,,,,
,,,med,4,2,,,,,,
,,,med,7,12,,,,,,
,,,med,7,6,,,,,,
,,,med,9,5,,,,,,
,,,med,10,20,,,,,,
,,,med,9,11,,,,,,
,,,med,6,9,,,,,,
6,9,S_P high,big,15,44,29,,,5,10,
* no phytometer,,,big,20,86,,,,,,
,,,med,6,4,,,,,,
,,,med,7,5,,,,,,
,,,med,5,6,,,,,,
,,,med,9,13,,,,,,
,,,med,6,9,,,,,,
,,,med,8,5,,,,,,
,,,med,11,17,,,,,,
,,,med,5,11,,,,,,
,,,med,9,14,,,,,,
,,,med,,,,,,,,Dead
6,10,S_P high,big,15,45,19,,,10,5,
* no phytometer,,,big,16,34,,,,,,
,,,med,10,18,,,,,,
,,,med,8,4,,,,,,
,,,med,5,7,,,,,,
,,,med,7,8,,,,,,
,,,med,10,15,,,,,,
,,,med,9,11,,,,,,
,,,med,8,13,,,,,,
,,,med,8,11,,,,,,
,,,med,10,24,,,,,,
,,,med,,,,,,,,Dead
6,11,control,* no phytometer,,,,,,,,
6,12,S_s low,* no phytometer,,,,,,,,
7,1,S_P high,phyto,6,16,19,,,0,10,
,,,big,13,59,,,,,,
,,,big,8,39,,,,,,
,,,med,9,15,,,,,,
,,,med,9,26,,,,,,
,,,med,10,19,,,,,,
,,,med,12,59,,,,,,
,,,med,9,16,,,,,,
,,,med,9,33,,,,,,
,,,med,7,6,,,,,,
,,,med,5,6,,,,,,
,,,med,12,41,,,,,,
,,,med,,,,,,,,Dead
7,2,S_s high,phyto,10,31,35,9,57,50,10,
7,3,A high,phyto,15,42,30,,,15,10,
7,4,S_P low,phyto,14,38,30,,,10,5,
,,,big,27,72,,,,,,
,,,med,16,57,,,,,,
,,,med,12,23,,,,,,
,,,med,10,7,,,,,,
,,,med,22,55,,,,,,
,,,med,,,,,,,,Dead
7,5,S_s low,phyto,17,32,38,7,41,40,5,
7,6,control,phyto,21,61,16,,,5,20,
7,7,A low,phyto,10,24,23,,,5,10,
7,8,control,phyto,11,20,15,2,6,10,20,
7,9,S_P high,big,21,92,32,,,10,2,
* no phytometer,,,big,20,56,,,,,,
,,,med,14,39,,,,,,
,,,med,12,32,,,,,,
,,,med,2,4,,,,,,
,,,med,8,30,,,,,,
,,,med,10,35,,,,,,
,,,med,9,34,,,,,,
,,,med,6,17,,,,,,
,,,med,8,29,,,,,,
,,,med,10,39,,,,,,
,,,med,11,35,,,,,,
7,10,S_P high,big,16,71,44,,,0,5,
* no phytometer,,,big,19,92,,,,,,
,,,med,8,30,,,,,,
,,,med,8,25,,,,,,
,,,med,9,27,,,,,,
,,,med,8,20,,,,,,
,,,med,8,30,,,,,,
,,,med,8,15,,,,,,
,,,med,8,24,,,,,,
,,,med,8,31,,,,,,
,,,med,10,18,,,,,,
,,,med,8,12,,,,,,
7,11,control,* no phytometer,,,,,,,,
7,12,S_s low,* no phytometer,,,,,,,,
8,1,control,phyto,,,,,,70,5,Dead
8,2,S_P high,phyto,8,15,21,,,5,2,
,,,big,13,61,,,,,,
,,,big,13,68,,,,,,
,,,med,5,21,,,,,,
,,,med,7,13,,,,,,
,,,med,4,7,,,,,,
,,,med,8,10,,,,,,
,,,med,8,14,,,,,,
,,,med,10,20,,,,,,
,,,med,8,18,,,,,,
,,,med,7,26,,,,,,
,,,med,6,16,,,,,,
,,,med,10,24,,,,,,
8,3,A high,phyto,8,26,29,,,0,5,
8,4,control,phyto,10,19,22,,,70,15,
8,5,S_s low,phyto,10,28,28,7,24,30,10,
8,6,S_P low,phyto,10,22,16,,,10,5,
,,,big,16,58,,,,,,
,,,med,12,16,,,,,,
,,,med,9,19,,,,,,
,,,med,16,67,,,,,,
,,,med,11,8,,,,,,
,,,med,6,10,,,,,,
8,7,S_s high,phyto,8,16,18,4,26,5,5,
8,8,A low,phyto,8,26,16,,,20,20,
8,9,S_P high,big,,,,,,,,"Gopher damage to background SP, "
* no phytometer,,,big,,,,,,,,Dropped- Only 1 SP left
,,,med,,,,,,,,
,,,med,,,,,,,,
,,,med,,,,,,,,
,,,med,,,,,,,,
,,,med,,,,,,,,
,,,med,,,,,,,,
,,,med,,,,,,,,
,,,med,,,,,,,,
,,,med,,,,,,,,
,,,med,,,,,,,,
8,10,S_P high,big,,,,,,,,Gopher damage to background SP
* no phytometer,,,big,,,,,,,,Dropped- Only 2 SP left
,,,med,,,,,,,,
,,,med,,,,,,,,
,,,med,,,,,,,,
,,,med,,,,,,,,
,,,med,,,,,,,,
,,,med,,,,,,,,
,,,med,,,,,,,,
,,,med,,,,,,,,
,,,med,,,,,,,,
,,,med,,,,,,,,
8,11,S_s low,* no phytometer,,,,,,,,
8,12,control,* no phytometer,,,,,,,,
9,1,A low,phyto,,,,,,,,
9,2,S_s low,phyto,,,,,,,,
9,3,A high,phyto,,,,,,,,
9,4,control,phyto,,,,,,,,
9,5,S_P high,phyto,,,,,,,,Gopher damage to background SP
,,,big,,,,,,,,
,,,big,,,,,,,,
,,,med,,,,,,,,
,,,med,,,,,,,,
,,,med,,,,,,,,
,,,med,,,,,,,,
,,,med,,,,,,,,
,,,med,,,,,,,,
,,,med,,,,,,,,
,,,med,,,,,,,,
,,,med,,,,,,,,
,,,med,,,,,,,,
9,6,S_P low,phyto,,,,,,,,Gopher damage to background SP
,,,big,,,,,,,,
,,,med,,,,,,,,
,,,med,,,,,,,,
,,,med,,,,,,,,
,,,med,,,,,,,,
,,,med,,,,,,,,
9,7,S_s high,phyto,,,,,,,,
9,8,control,phyto,,,,,,,,
9,9,S_P high,big,,,,,,,,
* no phytometer,,,big,,,,,,,,
,,,med,,,,,,,,
,,,med,,,,,,,,
,,,med,,,,,,,,
,,,med,,,,,,,,
,,,med,,,,,,,,
,,,med,,,,,,,,
,,,med,,,,,,,,
,,,med,,,,,,,,
,,,med,,,,,,,,
,,,med,,,,,,,,
9,10,S_P high,big,,,,,,,,
* no phytometer,,,big,,,,,,,,
,,,med,,,,,,,,
,,,med,,,,,,,,
,,,med,,,,,,,,
,,,med,,,,,,,,
,,,med,,,,,,,,
,,,med,,,,,,,,
,,,med,,,,,,,,
,,,med,,,,,,,,
,,,med,,,,,,,,
,,,med,,,,,,,,
9,11,S_s high,* no phytometer,,,,,,,,
9,12,control,* no phytometer,,,,,,,,
10,1,S_s high,phyto,15,18,,15,151,10,5,
10,2,S_s low,phyto,14,24,,12,90,15,15,
10,3,control,phyto,14,0,,,,10,0,
10,4,S_P low,phyto,7,3,,,,0,5,
,,,big,15,14,,,,,,
,,,med,9,5,,,,,,
,,,med,5,4,,,,,,
,,,med,5,3,,,,,,
,,,med,4,0,,,,,,
,,,med,12,8,,,,,,
10,5,S_P high,phyto,7,2,,,,0,5,
,,,big,12,9,,,,,,
,,,big,19,22,,,,,,
,,,med,7,7,,,,,,
,,,med,10,21,,,,,,
,,,med,4,4,,,,,,
,,,med,3,2,,,,,,
,,,med,5,11,,,,,,
,,,med,7,5,,,,,,
,,,med,9,14,,,,,,
,,,med,8,4,,,,,,
,,,med,14,16,,,,,,
,,,med,,,,,,,,Dead
10,6,A high,phyto,9,4,,,,3,0,
10,7,control,phyto,12,16,,,,0,5,
10,8,A low,phyto,9,8,,,,20,3,
10,9,S_P high,big,11,7,,,,5,5,
* no phytometer,,,big,13,25,,,,,,
,,,med,14,26,,,,,,
,,,med,10,2,,,,,,
,,,med,11,3,,,,,,
,,,med,14,18,,,,,,
,,,med,8,12,,,,,,
,,,med,7,6,,,,,,
,,,med,15,25,,,,,,
,,,med,8,12,,,,,,
,,,med,13,42,,,,,,
,,,med,10,22,,,,,,
10,10,S_P high,big,19,85,,,,5,3,
* no phytometer,,,big,19,65,,,,,,
,,,med,9,26,,,,,,
,,,med,9,27,,,,,,
,,,med,7,24,,,,,,
,,,med,8,21,,,,,,
,,,med,14,42,,,,,,
,,,med,10,26,,,,,,
,,,med,7,21,,,,,,
,,,med,5,16,,,,,,
,,,med,8,23,,,,,,
,,,med,,,,,,,,Dead
10,11,control,* no phytometer,,,,,,,,
10,12,S_s high,* no phytometer,,,,,,,,
11,1,control,phyto,9,18,,,,5,15,
11,2,S_P low,phyto,6,8,,1,22,10,10,
,,,big,9,31,,,,,,
,,,med,6,6,,,,,,
,,,med,10,21,,,,,,
,,,med,11,20,,,,,,
,,,med,8,14,,,,,,
,,,med,6,5,,,,,,
11,3,control,phyto,14,13,,,,15,10,
11,4,S_s low,phyto,6,4,,13,22,15,10,
11,5,S_P high,phyto,7,6,,,,5,5,
,,,big,9,20,,,,,,
,,,big,12,23,,,,,,
,,,med,6,10,,,,,,
,,,med,9,17,,,,,,
,,,med,10,20,,,,,,
,,,med,8,17,,,,,,
,,,med,10,13,,,,,,
,,,med,7,8,,,,,,
,,,med,9,4,,,,,,
,,,med,9,6,,,,,,
,,,med,11,15,,,,,,
,,,med,8,8,,,,,,
11,6,S_s high,phyto,6,3,,3,3,5,10,
11,7,A low,phyto,5,13,,,,5,10,
11,8,A high,phyto,,,,,,2,10,Dead
11,9,S_P high,big,,,,,,,,Gopher damage no SP left
* no phytometer,,,big,,,,,,,,
,,,med,,,,,,,,
,,,med,,,,,,,,
,,,med,,,,,,,,
,,,med,,,,,,,,
,,,med,,,,,,,,
,,,med,,,,,,,,
,,,med,,,,,,,,
,,,med,,,,,,,,
,,,med,,,,,,,,
,,,med,,,,,,,,
11,10,S_P high,big,,,,,,,,Gopher damage only 3 SP left 
* no phytometer,,,big,,,,,,,,
,,,med,,,,,,,,
,,,med,,,,,,,,
,,,med,,,,,,,,
,,,med,,,,,,,,
,,,med,,,,,,,,
,,,med,,,,,,,,
,,,med,,,,,,,,
,,,med,,,,,,,,
,,,med,,,,,,,,
,,,med,,,,,,,,
11,11,S_s high,* no phytometer,,,,,,,,
11,12,control,* no phytometer,,,,,,,,
12,1,control,phyto,8,2,,,,0,5,
12,2,A high,phyto,6,1,,,,0,15,
12,3,S_P high,phyto,6,8,,,,2,5,
,,,big,9,10,,,,,,
,,,big,7,14,,,,,,
,,,med,9,10,,,,,,
,,,med,10,5,,,,,,
,,,med,6,2,,,,,,
,,,med,10,18,,,,,,
,,,med,8,9,,,,,,
,,,med,10,9,,,,,,
,,,med,4,4,,,,,,
,,,med,11,20,,,,,,
,,,med,4,3,,,,,,
,,,med,9,13,,,,,,
12,4,S_P low,phyto,15,20,,1,2,10,15,
,,,big,20,21,,,,,,
,,,med,11,10,,,,,,
,,,med,10,11,,,,,,
,,,med,9,9,,,,,,
,,,med,12,19,,,,,,
,,,med,7,0,,,,,,
12,5,S_s low,phyto,11,22,,11,95,20,3,
12,6,A low,phyto,16,50,,,,10,10,
12,7,control,phyto,15,13,,,,5,5,
12,8,S_s high,phyto,9,39,,6,86,10,10,
12,9,S_P high,big,25,97,,,,1,10,
* no phytometer,,,big,16,61,,,,,,
,,,med,16,46,,,,,,
,,,med,5,0,,,,,,
,,,med,12,15,,,,,,
,,,med,11,14,,,,,,
,,,med,16,23,,,,,,
,,,med,9,6,,,,,,
,,,med,9,32,,,,,,
,,,med,5,12,,,,,,
,,,med,8,21,,,,,,
,,,med,,,,,,,,Dead
12,10,S_P high,big,13,48,,,,3,5,
* no phytometer,,,big,14,61,,,,,,
,,,med,11,34,,,,,,
,,,med,7,19,,,,,,
,,,med,8,8,,,,,,
,,,med,9,23,,,,,,
,,,med,6,14,,,,,,
,,,med,4,4,,,,,,
,,,med,8,19,,,,,,
,,,med,4,5,,,,,,
,,,med,7,12,,,,,,
,,,med,,,,,,,,Dead
12,11,control,* no phytometer,,,,,,,,
12,12,S_s high,* no phytometer,,,,,,,,
13,1,S_s high,phyto,8,3,,2,4,50,50,
13,2,control,phyto,9,12,,,,5,10,
13,3,S_P low,phyto,11,9,,,,5,5,
,,,big,15,19,,,,,,
,,,med,14,6,,,,,,
,,,med,5,1,,,,,,
,,,med,10,4,,,,,,
,,,med,7,10,,,,,,
,,,med,9,9,,,,,,
13,4,control,phyto,9,4,,,,0,30,
13,5,A low,phyto,8,8,,,,0,15,
13,6,S_P high,phyto,7,21,,,,0,5,
,,,big,12,11,,,,,,
,,,big,15,30,,,,,,
,,,med,9,23,,,,,,
,,,med,8,12,,,,,,
,,,med,6,3,,,,,,
,,,med,5,6,,,,,,
,,,med,4,5,,,,,,
,,,med,5,5,,,,,,
,,,med,6,1,,,,,,
,,,med,4,6,,,,,,
,,,med,7,11,,,,,,
,,,med,,,,,,,,Dead
13,7,A high,phyto,7,8,,,,0,10,
13,8,S_s low,phyto,17,32,,1,5,10,50,
13,9,S_P high,big,20,73,,,,2,10,
* no phytometer,,,big,17,81,,,,,,
,,,med,5,20,,,,,,
,,,med,3,3,,,,,,
,,,med,14,53,,,,,,
,,,med,4,3,,,,,,
,,,med,6,16,,,,,,
,,,med,11,27,,,,,,
,,,med,8,27,,,,,,
,,,med,11,25,,,,,,
,,,med,8,21,,,,,,
,,,med,9,0,,,,,,
13,10,S_P high,big,13,33,,,,0,15,
* no phytometer,,,big,13,43,,,,,,
,,,med,6,12,,,,,,
,,,med,10,10,,,,,,
,,,med,10,12,,,,,,
,,,med,7,9,,,,,,
,,,med,8,14,,,,,,
,,,med,10,15,,,,,,
,,,med,10,22,,,,,,
,,,med,7,18,,,,,,
,,,med,11,19,,,,,,
,,,med,7,13,,,,,,
13,11,S_s high,* no phytometer,,,,,,,,
13,12,control,* no phytometer,,,,,,,,
14,1,S_P high,phyto,9,21,,,,0,10,
,,,big,13,72,,,,,,
,,,big,14,109,,,,,,
,,,med,13,66,,,,,,
,,,med,7,24,,,,,,
,,,med,8,32,,,,,,
,,,med,7,27,,,,,,
,,,med,6,23,,,,,,
,,,med,7,24,,,,,,
,,,med,11,38,,,,,,
,,,med,,,,,,,,Dead
,,,med,,,,,,,,Dead
,,,med,,,,,,,,Dead
14,2,A low,phyto,13,34,,,,0,60,
14,3,S_P low,phyto,6,7,,,,5,20,
,,,big,20,85,,,,,,
,,,med,8,13,,,,,,
,,,med,7,23,,,,,,
,,,med,7,19,,,,,,
,,,med,12,49,,,,,,
,,,med,7,11,,,,,,
14,4,S_s low,phyto,,,,3,9,20,80,Dead
14,5,A high,phyto,12,15,,,,0,20,
14,6,control,phyto,17,56,,,,0,40,
14,7,control,phyto,10,37,,,,2,40,
14,8,S_s high,phyto,9,21,,9,22,15,25,
14,9,S_P high,big,11,29,,,,3,5,
* no phytometer,,,big,9,14,,,,,,
,,,med,11,20,,,,,,
,,,med,11,25,,,,,,
,,,med,6,4,,,,,,
,,,med,8,7,,,,,,
,,,med,1,0,,,,,,
,,,med,9,17,,,,,,
,,,med,6,0,,,,,,
,,,med,7,9,,,,,,
,,,med,6,3,,,,,,
,,,med,,,,,,,,Dead
14,10,S_P high,big,14,30,,,,1,10,
* no phytometer,,,big,8,13,,,,,,
,,,med,4,3,,,,,,
,,,med,4,4,,,,,,
,,,med,9,11,,,,,,
,,,med,4,2,,,,,,
,,,med,6,6,,,,,,
,,,med,8,16,,,,,,
,,,med,6,9,,,,,,
,,,med,7,7,,,,,,
,,,med,5,5,,,,,,
,,,med,8,15,,,,,,
14,11,control,* no phytometer,,,,,,,,One plot further downhill
14,12,S_s high,* no phytometer,,,,,,,,1/2 m gap between 11 and 12
15,1,control,phyto,12,18,,,,5,10,
15,2,S_s low,phyto,7,5,,,,0,15,
15,3,S_P low,phyto,5,2,,,,3,10,
,,,big,16,61,,,,,,
,,,med,7,13,,,,,,
,,,med,9,16,,,,,,
,,,med,7,10,,,,,,
,,,med,8,29,,,,,,
,,,med,5,5,,,,,,
15,4,A low,phyto,8,8,,1,4,5,15,
15,5,control,phyto,11,10,,,,2,40,
15,6,A high,phyto,12,7,,,,0,15,
15,7,S_P high,phyto,9,8,,,,0,5,
,,,big,15,32,,,,,,
,,,big,16,58,,,,,,
,,,med,9,12,,,,,,
,,,med,10,12,,,,,,
,,,med,11,29,,,,,,
,,,med,4,2,,,,,,
,,,med,9,17,,,,,,
,,,med,7,9,,,,,,
,,,med,9,7,,,,,,
,,,med,8,13,,,,,,
,,,med,7,9,,,,,,
,,,med,9,5,,,,,,
15,8,S_s high,phyto,11,19,,3,3,5,15,
15,9,S_P high,big,11,15,,,,0,15,
* no phytometer,,,big,10,17,,,,,,
,,,med,11,11,,,,,,
,,,med,9,15,,,,,,
,,,med,6,2,,,,,,
,,,med,8,6,,,,,,
,,,med,10,10,,,,,,
,,,med,7,9,,,,,,
,,,med,7,16,,,,,,
,,,med,6,6,,,,,,
,,,med,5,16,,,,,,
,,,med,,,,,,,,Dead
15,10,S_P high,big,9,16,,,,0,5,
* no phytometer,,,big,14,46,,,,,,
,,,med,7,16,,,,,,
,,,med,6,9,,,,,,
,,,med,5,5,,,,,,
,,,med,3,3,,,,,,
,,,med,6,1,,,,,,
,,,med,9,18,,,,,,
,,,med,5,2,,,,,,
,,,med,6,11,,,,,,
,,,med,5,2,,,,,,
,,,med,3,5,,,,,,
15,11,control,* no phytometer,,,,,,,,
15,12,S_s high,* no phytometer,,,,,,,,
16,1,S_s high,phyto,11,14,,8,17,15,20,
16,2,control,phyto,7,1,,,,5,10,
16,3,S_P high,phyto,6,5,,,,5,5,
,,,big,3,28,,,,,,
,,,big,10,9,,,,,,
,,,med,5,3,,,,,,
,,,med,7,7,,,,,,
,,,med,5,4,,,,,,
,,,med,5,4,,,,,,
,,,med,6,9,,,,,,
,,,med,4,2,,,,,,
,,,med,6,1,,,,,,
,,,med,7,6,,,,,,
,,,med,7,13,,,,,,
,,,med,6,3,,,,,,
16,4,S_P low,phyto,7,5,,,,5,10,
,,,big,11,8,,,,,,
,,,med,6,2,,,,,,
,,,med,7,8,,,,,,
,,,med,6,5,,,,,,
,,,med,7,8,,,,,,
,,,med,,,,,,,,Dead
16,5,S_s low,phyto,6,7,,3,9,10,5,
16,6,A high,phyto,7,4,,,,0,10,
16,7,A low,phyto,13,11,,,,3,10,
16,8,control,phyto,9,7,,3,8,10,5,
16,9,S_P high,big,18,26,,,,20,20,
,,,big,16,20,,,,,,
,,,med,3,2,,,,,,
,,,med,8,8,,,,,,
,,,med,5,1,,,,,,
,,,med,9,11,,,,,,
,,,med,13,19,,,,,,
,,,med,9,6,,,,,,
,,,med,7,10,,,,,,
,,,med,7,8,,,,,,
,,,med,11,14,,,,,,
,,,med,9,8,,,,,,
16,10,S_P high,big,13,20,,,,5,5,
,,,big,16,23,,,,,,
,,,med,12,25,,,,,,
,,,med,9,9,,,,,,
,,,med,9,8,,,,,,
,,,med,9,14,,,,,,
,,,med,9,1,,,,,,
,,,med,6,6,,,,,,
,,,med,8,7,,,,,,
,,,med,9,10,,,,,,
,,,med,10,19,,,,,,
,,,med,9,24,,,,,,
16,11,control,,,,,,,,,Extra plots in different location
16,12,S_s high,,,,,,,,,Ss closer to rest of the plots